﻿Actions,WIID,Description,Type,Status,Date
,427731,Verify Account Position,WI1,Open,2019-11-10
,208332,Research Client Check Copy,WI2,Open,2018-02-22
,810174,Generate Yearly Report for Vendor,WI4,Open,2019-09-11
,676175,Calculate Client Security Hash,WI5,Open,2018-10-03
,252231,Verify Account Position,WI1,Open,2017-01-17
,467781,Verify Account Position,WI1,Open,2018-03-07
,344394,Generate Yearly Report for Vendor,WI4,Open,2017-02-23
,913532,Research Client Check Copy,WI2,Open,2018-09-08
,495154,Generate Yearly Report for Vendor,WI4,Open,2017-04-17
,424505,Calculate Client Security Hash,WI5,Open,2018-03-12
,753484,Generate Yearly Report for Vendor,WI4,Open,2017-07-18
,654901,Verify Account Position,WI1,Open,2018-12-09
,560233,Process Vendor Invoice,WI3,Open,2017-03-21
,269745,Calculate Client Security Hash,WI5,Open,2018-09-17
,866923,Process Vendor Invoice,WI3,Open,2017-12-13
,192731,Verify Account Position,WI1,Open,2017-02-27
,947194,Generate Yearly Report for Vendor,WI4,Open,2017-05-29
,885242,Research Client Check Copy,WI2,Open,2017-03-18
,586222,Research Client Check Copy,WI2,Open,2018-06-06
,968282,Research Client Check Copy,WI2,Open,2019-01-07
,452685,Calculate Client Security Hash,WI5,Open,2019-03-21
,627972,Research Client Check Copy,WI2,Open,2018-10-31
,321192,Research Client Check Copy,WI2,Open,2018-05-12
,490702,Research Client Check Copy,WI2,Open,2019-03-13
,289791,Verify Account Position,WI1,Open,2018-11-19
,871521,Verify Account Position,WI1,Open,2018-06-09
,491725,Calculate Client Security Hash,WI5,Open,2017-03-05
,621682,Research Client Check Copy,WI2,Open,2019-10-14
,476955,Calculate Client Security Hash,WI5,Open,2018-05-16
,196772,Research Client Check Copy,WI2,Open,2019-07-30
,363543,Process Vendor Invoice,WI3,Open,2018-01-19
,473152,Research Client Check Copy,WI2,Open,2017-02-16
,700334,Generate Yearly Report for Vendor,WI4,Open,2018-10-21
,138634,Generate Yearly Report for Vendor,WI4,Open,2019-10-21
,691861,Verify Account Position,WI1,Open,2019-10-16
,637791,Verify Account Position,WI1,Open,2018-07-07
,778201,Verify Account Position,WI1,Open,2019-06-23
,936641,Verify Account Position,WI1,Open,2019-01-20
,258274,Generate Yearly Report for Vendor,WI4,Open,2017-10-24
,388472,Research Client Check Copy,WI2,Open,2018-10-10
,651353,Process Vendor Invoice,WI3,Open,2019-07-05
,300135,Calculate Client Security Hash,WI5,Open,2017-03-07
,204901,Verify Account Position,WI1,Open,2018-05-20
,840283,Process Vendor Invoice,WI3,Open,2017-08-07
,926411,Verify Account Position,WI1,Open,2018-12-23
,359972,Research Client Check Copy,WI2,Open,2019-03-31
,744252,Research Client Check Copy,WI2,Open,2017-10-15
,438625,Calculate Client Security Hash,WI5,Open,2019-05-04
,242531,Verify Account Position,WI1,Open,2018-10-03
,121504,Generate Yearly Report for Vendor,WI4,Open,2018-10-25
,493601,Verify Account Position,WI1,Open,2017-08-03
,376532,Research Client Check Copy,WI2,Open,2017-07-17
,738722,Research Client Check Copy,WI2,Open,2019-03-19
,724983,Process Vendor Invoice,WI3,Open,2018-08-02
,676204,Generate Yearly Report for Vendor,WI4,Open,2019-08-10
,409011,Verify Account Position,WI1,Open,2018-05-20
,503451,Verify Account Position,WI1,Open,2019-02-24
,723195,Calculate Client Security Hash,WI5,Open,2018-03-11
,958592,Research Client Check Copy,WI2,Open,2018-08-26
,621662,Research Client Check Copy,WI2,Open,2017-05-26
,399932,Research Client Check Copy,WI2,Open,2017-08-04
,923262,Research Client Check Copy,WI2,Open,2018-12-11
,571594,Generate Yearly Report for Vendor,WI4,Open,2018-01-31
,984381,Verify Account Position,WI1,Open,2018-09-07
,936872,Research Client Check Copy,WI2,Open,2017-03-29
,230153,Process Vendor Invoice,WI3,Open,2017-06-23
,214705,Calculate Client Security Hash,WI5,Open,2017-01-04
,378671,Verify Account Position,WI1,Open,2019-07-01
,991174,Generate Yearly Report for Vendor,WI4,Open,2018-01-28
,965284,Generate Yearly Report for Vendor,WI4,Open,2019-08-12
,336624,Generate Yearly Report for Vendor,WI4,Open,2017-07-05
,708321,Verify Account Position,WI1,Open,2018-05-16
,768172,Research Client Check Copy,WI2,Open,2018-10-24
,753274,Generate Yearly Report for Vendor,WI4,Open,2018-07-25
,374201,Verify Account Position,WI1,Open,2018-12-13
,646191,Verify Account Position,WI1,Open,2019-05-15
,577933,Process Vendor Invoice,WI3,Open,2018-11-18
,425262,Research Client Check Copy,WI2,Open,2019-02-17
,467394,Generate Yearly Report for Vendor,WI4,Open,2018-07-10
,177342,Research Client Check Copy,WI2,Open,2018-06-28
,656252,Research Client Check Copy,WI2,Open,2017-07-04
,118001,Verify Account Position,WI1,Open,2019-11-15
,923774,Generate Yearly Report for Vendor,WI4,Open,2019-09-15
,748052,Research Client Check Copy,WI2,Open,2017-04-01
,400011,Verify Account Position,WI1,Open,2017-06-14
,838312,Research Client Check Copy,WI2,Open,2017-05-17
,447621,Verify Account Position,WI1,Open,2018-11-15
,285185,Calculate Client Security Hash,WI5,Open,2017-05-18
,736475,Calculate Client Security Hash,WI5,Open,2019-09-09
,827972,Research Client Check Copy,WI2,Open,2019-07-24
,707572,Research Client Check Copy,WI2,Open,2017-01-26
,633345,Calculate Client Security Hash,WI5,Open,2019-04-11
,585111,Verify Account Position,WI1,Open,2018-01-06
,565482,Research Client Check Copy,WI2,Open,2017-12-19
,491742,Research Client Check Copy,WI2,Open,2018-07-30
,982861,Verify Account Position,WI1,Open,2017-03-31
,964601,Verify Account Position,WI1,Open,2018-07-05
